건물명,지역,임대_중앙값_만원_전용평,임대_하위10%,임대_상위90%,임대_표본수,매매_중앙값_만원_전용평,매매_하위10%,매매_상위90%,매매_표본수,당사_보유매물수
BYC하이시티,가산,6.6,4.8,7,51,,,,0,30
DK타워(현대테라타워),가산,7.1,3.4,8.9,78,2686,1316,3083,43,48
IT프리미어타워,가산,3.6,2.9,4.1,18,,,,0,9
JnK디지털타워,구로,6.2,4.9,7.8,27,1816,1681,2217,10,1
KCC웰츠밸리,가산,4.8,4,6,18,1693,1396,2109,7,16
KM타워,가산,6.7,5.1,8,7,1829,1619,2214,13,6
KS타워,가산,7.8,5.6,8.7,50,2881,1390,3453,24,31
LG가산디지털센터,가산,7.3,4.9,7.7,3,,,,0,1
SH드림타워,가산,5.9,3.8,7,49,3660,2798,3819,8,22
SJ테크노빌,가산,5.4,4.5,5.9,23,1428,1401,1579,12,18
SK V1 AP타워,가산,5.2,4.6,5.9,24,2095,1113,2332,17,7
SK V1센터,가산,7,5,7.9,54,2597,1692,3053,38,49
SK V1센터 3차,가산,4.1,3.1,11.4,8,,,,0,2
SK트윌테크타워,가산,3.6,2.9,4.3,16,,,,2,11
STX-V타워,가산,4.7,4.1,5.8,41,1348,1108,1551,18,28
W센터,가산,7.4,5.8,8.4,69,2599,1914,2899,35,56
YPP아르센타워,가산,4.7,3.9,5.8,17,1896,1832,2676,5,5
YS타워,가산,4,2.7,4.3,9,1874,1363,2081,6,7
가산A1타워,가산,6.3,4.7,7.1,29,1985,1491,2382,30,13
가산비전파크,가산,,,,0,,,,2,0
가산테라타워,가산,5.4,4.1,6.4,11,1552,1174,2328,26,15
갑을그레이트밸리,가산,5.2,4,6.3,28,1536,1262,1738,10,7
남성프라자,가산,6.1,3.8,7.9,30,1252,1182,1414,4,0
뉴티캐슬,가산,4,3.8,5.4,23,1285,1173,1548,4,6
대륭테크노타운 12차,가산,3.6,2.5,4.4,24,1033,919,1255,7,11
대륭테크노타운 13차,가산,4.1,3.8,6,9,1326,1050,1453,5,2
대륭테크노타운 17차,가산,4.4,4.3,5.4,12,1197,918,1513,12,9
대륭테크노타운 18차,가산,4.4,3.7,5.2,17,1586,1375,2015,10,8
대륭테크노타운 19차,가산,4.5,3.7,10.8,29,1727,1241,1885,20,26
대륭테크노타운 1차,가산,4.2,3.2,4.8,8,873,860,1266,6,2
대륭테크노타운 20차,가산,4.8,3.8,5.4,33,1598,1377,2598,21,16
대륭테크노타운 21차,가산,5.4,4.5,6.2,26,1497,1294,2148,15,14
대륭테크노타운 22차,가산,7.3,6.6,7.7,20,3061,2186,3533,18,15
대륭테크노타운 2차,가산,3.2,3.1,3.4,6,1060,992,1145,3,1
대륭테크노타운 3차,가산,6.2,5.1,8.5,3,,,,1,4
대륭테크노타운 5차,가산,7.3,6,7.8,4,,,,1,5
대륭테크노타운 6차,가산,3.9,3.4,4.3,18,1585,989,2254,4,17
대륭테크노타운 7차,가산,5,3.6,5.1,6,891,819,1226,3,5
대륭테크노타운 8차,가산,4.3,4.3,5,23,1513,1232,2296,7,12
대륭포스트타워 6차,가산,6.4,5.6,6.8,33,2110,1296,2782,16,19
대륭포스트타워 7차,구로,5.2,4.4,5.9,45,1779,1284,2390,15,1
대륭포스트타워 8차,구로,7.7,6.7,8.8,47,3224,2428,3864,17,4
대성디폴리스,가산,4.7,4.2,5.8,127,1540,1386,1925,34,54
더루벤스밸리,가산,3.8,2.7,7.6,23,1320,1191,1597,15,4
더리브스마트타워,가산,4.5,3.9,5.2,39,1386,1159,1903,14,29
더리즌밸리,가산,4.5,3.8,10.2,20,1537,1250,1698,19,13
디지털엠파이어,가산,4.3,3.4,5.2,22,922,729,1475,9,7
롯데IT캐슬 1차,가산,4.3,3.7,5.6,36,1380,1143,1602,10,6
롯데IT캐슬 2차,가산,7,6.2,15.6,3,1714,1708,1976,7,2
리더스타워,가산,5.1,4,8.7,17,1473,1408,2044,10,4
마리오타워,구로,5,4.1,6,21,1308,1143,1634,11,0
모비우스타워,가산,5.4,3.7,5.8,29,1880,1168,2375,18,17
반도아이비밸리,가산,7,5.6,9.5,59,2604,2413,2851,27,33
백상스타타워 1차,가산,5.8,4.5,6.3,12,1613,1397,1732,4,4
백상스타타워 2차,가산,4,3.5,4.4,28,1177,1076,1324,14,13
벽산디지털밸리 2차,가산,4.7,3.8,5,4,,,,1,6
벽산디지털밸리 5차,가산,5,4.1,6.2,10,1292,990,1410,8,5
벽산디지털밸리 6차,가산,3.9,3.6,5.1,24,,,,0,19
스타밸리,가산,4.6,3.9,6.3,24,1404,1176,1696,15,15
아스크타워,가산,6.5,5.3,7.9,24,2718,1700,3335,8,16
아이에스비즈타워,가산,4.5,4.2,5.6,20,1537,1082,1796,17,12
어반워크,가산,6.7,3.9,8.1,64,2644,1388,2856,51,42
어반워크 2차,가산,6.9,4,7.5,37,2554,1760,2820,24,25
에이스가산타워,가산,5.3,4.6,6.2,25,1782,1584,2091,18,20
에이스가산포휴,가산,6,5,6.5,50,1453,1357,2045,22,32
에이스골드타워,가산,5.4,4.8,6.1,25,1718,1490,2000,21,9
에이스비즈포레,가산,5.6,4.3,6.9,22,2108,1505,2470,12,20
에이스태세라타워,가산,3.8,3.1,4.8,12,1597,1400,1781,9,5
에이스테크노타워 10차,가산,4.7,4.1,5.1,34,1415,1351,1932,5,24
에이스테크노타워 9차,가산,4.4,3.9,8.1,10,1249,1166,1391,5,7
에이스하이엔드타워 10차,가산,4.4,3.5,6.7,24,1232,1176,1542,8,1
에이스하이엔드타워 1차,구로,4.2,3.5,6.3,8,1182,1145,1443,9,1
에이스하이엔드타워 2차,구로,4.2,3.7,7.3,5,1129,1120,1498,8,0
에이스하이엔드타워 3차,가산,5.9,4.6,9.6,55,2164,1254,2632,48,37
에이스하이엔드타워 5차,가산,3.6,3.2,5.1,11,1150,796,1233,3,7
에이스하이엔드타워 6차,가산,5.8,4.3,8.5,42,1260,1079,1536,23,12
에이스하이엔드타워 7차,가산,3.3,2.9,4.4,8,,,,2,6
에이스하이엔드타워 8차,가산,4,3.2,4.9,31,1109,1035,1291,14,12
에이스하이엔드타워 9차,가산,4.5,3.7,7.6,17,1550,1395,1751,6,8
에이스하이엔드타워 클래식,가산,5.6,4.4,6.1,17,1937,1442,2267,20,16
에이스한솔타워,가산,4.1,3.7,4.7,19,1048,720,1499,17,12
우림라이온스밸리,가산,5,4.2,6.5,101,1896,1585,2537,46,104
우림라이온스밸리 2차,가산,3.7,3.2,4.9,7,1195,1145,1377,5,3
월드메르디앙 1차,가산,4.2,3.5,5.5,24,1057,935,1058,24,22
월드메르디앙 2차,가산,4.7,4.5,6,15,1248,1223,1414,8,9
이노플렉스,가산,6.8,4.7,9.8,26,1624,1624,2306,3,3
이노플렉스 2차,가산,4.1,3.8,5.4,5,,,,0,5
이앤씨드림타워 7차,가산,4.2,2.3,5.9,11,937,862,1342,10,5
이앤씨드림타워 8차,가산,3.8,3.6,4.2,3,,,,2,3
잔카드림타워,가산,4.7,4.6,5.4,11,,,,0,4
제이플라츠,가산,7.4,3.6,7.9,28,,,,0,10
지플러스타워,구로,7.1,4.2,9.1,40,2278,1834,2373,11,3
지하이시티,구로,5.3,4.5,6.6,10,2014,1602,2404,22,3
코오롱디지털타워빌란트 1차,구로,5.5,4.2,11.6,38,1329,995,2029,5,0
코오롱디지털타워빌란트 2차,구로,5.2,4.3,9.1,13,1492,1285,1897,7,0
코오롱디지털타워애스턴,가산,4.8,3.8,5.7,42,1273,1207,1511,16,20
코오롱테크노밸리,가산,2.9,2.2,3.6,10,898,889,1090,8,2
티뷰크빌딩,가산,3.6,3.3,4.6,4,,,,0,3
파트너스타워,가산,3.5,3.2,5.3,10,1216,1186,1263,5,2
파트너스타워 2차,구로,,,,0,,,,0,0
하우스디 더스카이밸리 1차,가산,6.2,4.7,7.9,65,1885,887,2177,32,49
하우스디 더스카이밸리 2차,가산,5.9,4.9,7.4,28,1685,1460,1888,24,21
하우스디더퍼스타,가산,4.5,3.6,8,13,1591,1382,2353,33,12
하우스디와이즈타워,가산,4.1,3.7,5.4,29,1471,1200,2385,20,11
한라시그마밸리,가산,4.1,3.7,4.3,18,1288,1219,1500,11,8
한라원앤원타워,가산,6.1,5.6,7.6,21,2283,2080,2420,27,11
한신IT타워 1차,구로,,,,1,,,,0,1
한신IT타워 2차,가산,4.8,4.3,5.7,9,1541,908,2525,9,7
한화비즈메트로 1차,구로,5.5,4.6,6.3,8,1782,1392,1849,8,0
한화비즈메트로 2차,가산,5.1,4,7,30,1759,1481,2079,22,16
현대퍼블릭,가산,5.7,4.5,7,121,2242,1993,2797,99,96
